<?xml version="1.0" encoding="UTF-8"?>
<!DOCTYPE logback>
<configuration>
	<!-- ログ出力のスタイルを定義 -->
	<appender name="STDOUT" class="ch.qos.logback.core.ConsoleAppender">
		<encoder>
			<pattern>%d{yyyy-MM-dd HH:mm:ss.SSS}[%thread][%-5level][%logger] %msg%n</pattern>
		</encoder>
	</appender>
	<appender name="FILE"
		class="ch.qos.logback.core.rolling.RollingFileAppender">
		<file>logs/SpringBoot.log</file>
		<append>true</append>
		<rollingPolicy class="ch.qos.logback.core.rolling.TimeBasedRollingPolicy">
			<fileNamePattern>logs/SpringBoot.%d{yyyyMMdd}.log</fileNamePattern>
			<maxHistory>5</maxHistory>
		</rollingPolicy>
		<encoder>
			<pattern>%d{yyyy-MM-dd HH:mm:ss.SSS}[%thread][%-5level][%logger] %msg%n</pattern>
		</encoder>
		<filter class="ch.qos.logback.classic.filter.ThresholdFilter">
			<level>TRACE</level>
		</filter>
	</appender>	
	<!--実行ログ定義 -->
	<appender name="BoxBootLog"
		class="ch.qos.logback.core.rolling.RollingFileAppender">
		<file>logs/BoxBoot.log</file>
		<append>true</append>
		<rollingPolicy class="ch.qos.logback.core.rolling.TimeBasedRollingPolicy">
			<fileNamePattern>logs/BoxBoot.%d{yyyyMMdd}.log</fileNamePattern>
			<maxHistory>100</maxHistory>
		</rollingPolicy>
		<encoder>
			<pattern>%d{yyyy-MM-dd HH:mm:ss.SSS}[%thread][%-5level] %msg%n</pattern>
		</encoder>
		<filter class="ch.qos.logback.classic.filter.ThresholdFilter">
			<level>TRACE</level>
		</filter>
	</appender>
	<!-- アプリ側での参照名定義 -->
	<logger name="jp.co.nri.BoxBoot.BoxAccess.Log"
		additivity="false">
		<level value="TRACE" />
		<appender-ref ref="BoxBootLog" />
	</logger>
	<!--結果ログ定義 -->
	<appender name="BoxBootRst"
		class="ch.qos.logback.core.rolling.RollingFileAppender">
		<file>logs/upload_result.txt</file>
		<append>true</append>
		<rollingPolicy class="ch.qos.logback.core.rolling.TimeBasedRollingPolicy">
			<fileNamePattern>logs/upload_result.txt.%d{yyyyMMdd}</fileNamePattern>
			<maxHistory>100</maxHistory>
		</rollingPolicy>
		<encoder>
			<pattern>%msg%n</pattern>
		</encoder>
	</appender>
	<!--アプリ側での参照名を定義 -->
	<logger name="jp.co.nri.BoxBoot.BoxAccess.Rst"
		additivity="false">
		<level value="INFO" />
		<appender-ref ref="BoxBootRst" />
	</logger>

    <!--標準ログ出力 -->
	<root level="${logging.level.root}">
		<!-- コンソールログ -->
		<appender-ref ref="STDOUT" />
		<!-- ファイルログ -->
		<appender-ref ref="FILE" />
	</root>
</configuration>
