{
    "taskName": "Box-Upload-Test",
    "uploadSettings": [
        {"localDocDir": "C:\\boxwork\\work\\upload\\FC文書\\あああ文書",
         "boxFolderId": "190175710102",
         "uploadDate": "9999/99/99",
         "uploadPlans": [
            {"localSubDir": "a1", "uploadDate":"2023/01/14"},
            {"localSubDir": "a2", "uploadDate":"2023/01/15"},
            {"localSubDir": "a3", "uploadDate":"2023/01/16"},
            {"localSubDir": "a4", "uploadDate":"2023/01/17"},
            {"localSubDir": "a5", "uploadDate":"2023/01/18"}
            ]
        },
        {"localDocDir": "C:\\boxwork\\work\\upload\\FC文書\\いいい文書",
         "boxFolderId": "190175357224",
         "uploadDate": "9999/99/99",
         "uploadPlans": [
            {"localSubDir": "b1", "uploadDate":"2023/01/21"},
            {"localSubDir": "b2", "uploadDate":"2023/01/22"},
            {"localSubDir": "b3", "uploadDate":"2023/01/23"},
            {"localSubDir": "b4", "uploadDate":"2023/01/24"},
            {"localSubDir": "b5", "uploadDate":"2023/01/25"}
            ]
        },
        {"localDocDir": "C:\\boxwork\\work\\upload\\FC文書\\ううう文書",
         "boxFolderId": "190176592911",
         "uploadDate": "9999/99/99",
         "uploadPlans": [
            ]
        },
        {"localDocDir": "C:\\boxwork\\work\\upload\\FC文書\\えええ文書",
         "boxFolderId": "188446296984",
         "uploadDate": "9999/99/99",
         "uploadPlans": [
            {"localSubDir": "d1", "uploadDate":"2023/01/14"},
            {"localSubDir": "d2", "uploadDate":"2023/01/14"},
            {"localSubDir": "d3", "uploadDate":"2023/01/14"},
            {"localSubDir": "d4", "uploadDate":"2023/01/14"},
            {"localSubDir": "d5", "uploadDate":"2023/01/14"}
            ]
        }
    ]
  }
